id,run_id,pipeline_name,batch_id,log_date,status_code,request_count,total_bytes
47797,16,hive,1,1995-07-01,200,2344,67113843
47798,16,hive,1,1995-07-01,302,114,9609
47799,16,hive,1,1995-07-01,304,122,0
47800,16,hive,1,1995-07-01,404,4,0
47801,16,hive,1,1995-07-02,200,2177,53108529
47802,16,hive,1,1995-07-02,302,103,8868
47803,16,hive,1,1995-07-02,304,79,0
47804,16,hive,1,1995-07-02,404,6,0
47805,16,hive,1,1995-07-03,200,10250,268766698
47806,16,hive,1,1995-07-03,302,368,31410
47807,16,hive,1,1995-07-03,304,392,0
47808,16,hive,1,1995-07-03,404,81,0
47809,16,hive,1,1995-07-03,500,53,0
47810,16,hive,1,1995-07-04,200,4323,107013470
47811,16,hive,1,1995-07-04,302,166,14042
47812,16,hive,1,1995-07-04,304,161,0
47813,16,hive,1,1995-07-04,403,4,0
47814,16,hive,1,1995-07-04,404,27,0
47815,16,hive,1,1995-07-05,200,13680,268262253
47816,16,hive,1,1995-07-05,302,493,42194
47817,16,hive,1,1995-07-05,304,890,0
47818,16,hive,1,1995-07-05,404,61,0
47819,16,hive,1,1995-07-05,501,1,0
47820,16,hive,1,1995-07-06,200,13851,308661910
47821,16,hive,1,1995-07-06,302,488,42564
47822,16,hive,1,1995-07-06,304,773,0
47823,16,hive,1,1995-07-06,404,106,0
47824,16,hive,1,1995-07-07,200,12627,281032750
47825,16,hive,1,1995-07-07,302,462,35425
47826,16,hive,1,1995-07-07,304,850,0
47827,16,hive,1,1995-07-07,404,70,0
47828,16,hive,1,1995-07-08,200,1562,34128903
47829,16,hive,1,1995-07-08,302,36,2351
47830,16,hive,1,1995-07-08,304,149,0
47831,16,hive,1,1995-07-08,404,8,0
47832,16,hive,1,1995-07-09,200,1419,32653147
47833,16,hive,1,1995-07-09,302,13,515
47834,16,hive,1,1995-07-09,304,121,0
47835,16,hive,1,1995-07-09,404,5,0
47836,16,hive,1,1995-07-10,200,10646,204184977
47837,16,hive,1,1995-07-10,302,249,16828
47838,16,hive,1,1995-07-10,304,934,0
47839,16,hive,1,1995-07-10,404,66,0
47840,16,hive,1,1995-07-11,200,11700,215817680
47841,16,hive,1,1995-07-11,302,235,19163
47842,16,hive,1,1995-07-11,304,959,0
47843,16,hive,1,1995-07-11,404,60,0
47844,16,hive,1,1995-07-12,200,12110,234794381
47845,16,hive,1,1995-07-12,302,382,29905
47846,16,hive,1,1995-07-12,304,1099,0
47847,16,hive,1,1995-07-12,404,68,0
47848,16,hive,1,1995-07-13,200,16865,376931558
47849,16,hive,1,1995-07-13,302,663,54483
47850,16,hive,1,1995-07-13,304,1940,0
47851,16,hive,1,1995-07-13,404,73,0
47852,16,hive,1,1995-07-14,200,11612,262187040
47853,16,hive,1,1995-07-14,302,231,18583
47854,16,hive,1,1995-07-14,304,852,0
47855,16,hive,1,1995-07-14,403,2,0
47856,16,hive,1,1995-07-14,404,68,0
47857,16,hive,1,1995-07-15,200,1633,31379762
47858,16,hive,1,1995-07-15,302,28,1602
47859,16,hive,1,1995-07-15,304,47,0
47860,16,hive,1,1995-07-15,404,3,0
47861,16,hive,1,1995-07-16,200,1434,36185747
47862,16,hive,1,1995-07-16,302,38,2693
47863,16,hive,1,1995-07-16,304,148,0
47864,16,hive,1,1995-07-16,404,2,0
47865,16,hive,1,1995-07-17,200,9982,199693034
47866,16,hive,1,1995-07-17,302,212,16113
47867,16,hive,1,1995-07-17,304,1013,0
47868,16,hive,1,1995-07-17,404,51,0
47869,16,hive,1,1995-07-18,200,10706,204925097
47870,16,hive,1,1995-07-18,302,204,14840
47871,16,hive,1,1995-07-18,304,1019,0
47872,16,hive,1,1995-07-18,404,52,0
47873,16,hive,1,1995-07-19,200,9850,155607079
47874,16,hive,1,1995-07-19,302,185,14365
47875,16,hive,1,1995-07-19,304,1089,0
47876,16,hive,1,1995-07-19,404,66,0
47877,16,hive,1,1995-07-20,200,10218,179717818
47878,16,hive,1,1995-07-20,302,202,15734
47879,16,hive,1,1995-07-20,304,932,0
47880,16,hive,1,1995-07-20,400,1,0
47881,16,hive,1,1995-07-20,404,59,0
47882,16,hive,1,1995-07-21,200,9170,151910728
47883,16,hive,1,1995-07-21,302,218,17370
47884,16,hive,1,1995-07-21,304,1095,0
47885,16,hive,1,1995-07-21,404,45,0
47886,16,hive,1,1995-07-22,200,1534,22782121
47887,16,hive,1,1995-07-22,302,37,2706
47888,16,hive,1,1995-07-22,304,99,0
47889,16,hive,1,1995-07-22,404,7,0
47890,16,hive,1,1995-07-23,200,1527,46269749
47891,16,hive,1,1995-07-23,302,57,5446
47892,16,hive,1,1995-07-23,304,114,0
47893,16,hive,1,1995-07-23,404,4,0
47894,16,hive,1,1995-07-24,200,9623,181024338
47895,16,hive,1,1995-07-24,302,151,10039
47896,16,hive,1,1995-07-24,304,1057,0
47897,16,hive,1,1995-07-24,400,1,0
47898,16,hive,1,1995-07-24,404,25,0
47899,16,hive,1,1995-07-24,501,5,0
47900,16,hive,1,1995-07-25,200,9209,146216122
47901,16,hive,1,1995-07-25,302,116,8421
47902,16,hive,1,1995-07-25,304,934,0
47903,16,hive,1,1995-07-25,404,41,0
47904,16,hive,1,1995-07-26,200,9510,151966411
47905,16,hive,1,1995-07-26,302,125,8503
47906,16,hive,1,1995-07-26,304,948,0
47907,16,hive,1,1995-07-26,404,37,0
47908,16,hive,1,1995-07-26,501,1,0
47909,16,hive,1,1995-07-27,200,9786,160362266
47910,16,hive,1,1995-07-27,302,122,9026
47911,16,hive,1,1995-07-27,304,819,0
47912,16,hive,1,1995-07-27,404,45,0
47913,16,hive,1,1995-07-27,501,1,0
47914,16,hive,1,1995-07-28,200,4192,67382132
47915,16,hive,1,1995-07-28,302,38,2811
47916,16,hive,1,1995-07-28,304,352,0
47917,16,hive,1,1995-07-28,404,12,0
47918,16,hive,1,1995-08-01,200,6328,91666307
47919,16,hive,1,1995-08-01,302,70,4149
47920,16,hive,1,1995-08-01,304,603,0
47921,16,hive,1,1995-08-01,404,24,0
47922,16,hive,1,1995-08-03,200,6952,114112857
47923,16,hive,1,1995-08-03,302,94,7291
47924,16,hive,1,1995-08-03,304,397,0
47925,16,hive,1,1995-08-03,404,41,0
47926,16,hive,1,1995-08-04,200,8521,134212279
47927,16,hive,1,1995-08-04,302,108,9858
47928,16,hive,1,1995-08-04,304,903,0
47929,16,hive,1,1995-08-04,404,36,0
47930,16,hive,1,1995-08-05,200,1159,28623063
47931,16,hive,1,1995-08-05,302,16,1454
47932,16,hive,1,1995-08-05,304,73,0
47933,16,hive,1,1995-08-05,404,7,0
47934,16,hive,1,1995-08-06,200,918,18096555
47935,16,hive,1,1995-08-06,302,13,897
47936,16,hive,1,1995-08-06,304,30,0
47937,16,hive,1,1995-08-06,404,9,0
47938,16,hive,1,1995-08-07,200,7445,105131230
47939,16,hive,1,1995-08-07,302,114,9564
47940,16,hive,1,1995-08-07,304,777,0
47941,16,hive,1,1995-08-07,404,48,0
47942,16,hive,1,1995-08-08,200,8762,126551476
47943,16,hive,1,1995-08-08,302,149,12109
47944,16,hive,1,1995-08-08,304,498,0
47945,16,hive,1,1995-08-08,404,26,0
47946,16,hive,1,1995-08-09,200,8809,136504525
47947,16,hive,1,1995-08-09,302,122,9148
47948,16,hive,1,1995-08-09,304,845,0
47949,16,hive,1,1995-08-09,404,33,0
47950,16,hive,1,1995-08-10,200,9288,131637348
47951,16,hive,1,1995-08-10,302,134,11143
47952,16,hive,1,1995-08-10,304,864,0
47953,16,hive,1,1995-08-10,404,21,0
47954,16,hive,1,1995-08-10,501,3,0
47955,16,hive,1,1995-08-11,200,8694,130117297
47956,16,hive,1,1995-08-11,302,139,12288
47957,16,hive,1,1995-08-11,304,708,0
47958,16,hive,1,1995-08-11,404,39,0
47959,16,hive,1,1995-08-12,200,9475,261840675
47960,16,hive,1,1995-08-12,302,235,20123
47961,16,hive,1,1995-08-12,304,1350,0
47962,16,hive,1,1995-08-12,403,2,0
47963,16,hive,1,1995-08-12,404,43,0
47964,16,hive,1,1995-08-13,200,10899,293417815
47965,16,hive,1,1995-08-13,302,246,21727
47966,16,hive,1,1995-08-13,304,1506,0
47967,16,hive,1,1995-08-13,404,54,0
47968,16,hive,1,1995-08-14,200,12486,241133749
47969,16,hive,1,1995-08-14,302,185,15133
47970,16,hive,1,1995-08-14,304,1086,0
47971,16,hive,1,1995-08-14,404,66,0
47972,16,hive,1,1995-08-15,200,8481,125247528
47973,16,hive,1,1995-08-15,302,111,9328
47974,16,hive,1,1995-08-15,304,682,0
47975,16,hive,1,1995-08-15,404,28,0
47976,16,hive,1,1995-08-16,200,9037,127925306
47977,16,hive,1,1995-08-16,302,114,9206
47978,16,hive,1,1995-08-16,304,811,0
47979,16,hive,1,1995-08-16,404,33,0
47980,16,hive,1,1995-08-17,200,9828,176028021
47981,16,hive,1,1995-08-17,302,97,9114
47982,16,hive,1,1995-08-17,304,1013,0
47983,16,hive,1,1995-08-17,404,33,0
47984,16,hive,1,1995-08-18,200,8835,120466495
47985,16,hive,1,1995-08-18,302,118,9785
47986,16,hive,1,1995-08-18,304,1155,0
47987,16,hive,1,1995-08-18,404,32,0
47988,16,hive,1,1995-08-19,200,1144,27272432
47989,16,hive,1,1995-08-19,302,28,2873
47990,16,hive,1,1995-08-19,304,38,0
47991,16,hive,1,1995-08-19,404,6,0
47992,16,hive,1,1995-08-20,200,1021,25429014
47993,16,hive,1,1995-08-20,302,11,937
47994,16,hive,1,1995-08-20,304,64,0
47995,16,hive,1,1995-08-20,404,4,0
47996,16,hive,1,1995-08-21,200,7681,129693136
47997,16,hive,1,1995-08-21,302,147,12160
47998,16,hive,1,1995-08-21,304,908,0
47999,16,hive,1,1995-08-21,404,37,0
48000,16,hive,1,1995-08-22,200,9042,113146420
48001,16,hive,1,1995-08-22,302,106,8499
48002,16,hive,1,1995-08-22,304,910,0
48003,16,hive,1,1995-08-22,404,39,0
48004,16,hive,1,1995-08-23,200,9349,136696223
48005,16,hive,1,1995-08-23,302,153,13572
48006,16,hive,1,1995-08-23,304,890,0
48007,16,hive,1,1995-08-23,404,33,0
48008,16,hive,1,1995-08-24,200,8398,114356937
48009,16,hive,1,1995-08-24,302,145,11012
48010,16,hive,1,1995-08-24,304,1016,0
48011,16,hive,1,1995-08-24,404,71,0
48012,16,hive,1,1995-08-25,200,8064,143111971
48013,16,hive,1,1995-08-25,302,149,13363
48014,16,hive,1,1995-08-25,304,736,0
48015,16,hive,1,1995-08-25,403,23,0
48016,16,hive,1,1995-08-25,404,42,0
48017,16,hive,1,1995-08-26,200,1485,30136940
48018,16,hive,1,1995-08-26,302,24,2169
48019,16,hive,1,1995-08-26,304,99,0
48020,16,hive,1,1995-08-26,404,14,0
48021,16,hive,1,1995-08-26,501,6,0
48022,16,hive,1,1995-08-27,200,1091,18319955
48023,16,hive,1,1995-08-27,302,29,2846
48024,16,hive,1,1995-08-27,304,116,0
48025,16,hive,1,1995-08-27,404,1,0
48026,16,hive,1,1995-08-28,200,8085,116283450
48027,16,hive,1,1995-08-28,302,143,12160
48028,16,hive,1,1995-08-28,304,1081,0
48029,16,hive,1,1995-08-28,403,1,0
48030,16,hive,1,1995-08-28,404,53,0
48031,16,hive,1,1995-08-29,200,9953,146131277
48032,16,hive,1,1995-08-29,302,192,15280
48033,16,hive,1,1995-08-29,304,880,0
48034,16,hive,1,1995-08-29,403,1,0
48035,16,hive,1,1995-08-29,404,44,0
48036,16,hive,1,1995-08-29,501,1,0
48037,16,hive,1,1995-08-30,200,10629,158264495
48038,16,hive,1,1995-08-30,302,269,23387
48039,16,hive,1,1995-08-30,304,1180,0
48040,16,hive,1,1995-08-30,400,1,0
48041,16,hive,1,1995-08-30,404,40,0
48042,16,hive,1,1995-08-31,200,11009,205679885
48043,16,hive,1,1995-08-31,302,356,29793
48044,16,hive,1,1995-08-31,304,1546,0
48045,16,hive,1,1995-08-31,400,1,0
48046,16,hive,1,1995-08-31,404,70,0
48047,16,hive,2,1995-07-01,200,7573,191988008
48048,16,hive,2,1995-07-01,302,353,30242
48049,16,hive,2,1995-07-01,304,404,0
48050,16,hive,2,1995-07-01,404,50,0
48051,16,hive,2,1995-07-02,200,7255,170227434
48052,16,hive,2,1995-07-02,302,295,24527
48053,16,hive,2,1995-07-02,304,348,0
48054,16,hive,2,1995-07-02,403,4,0
48055,16,hive,2,1995-07-02,404,54,0
48056,16,hive,2,1995-07-03,200,10652,235105962
48057,16,hive,2,1995-07-03,302,420,35898
48058,16,hive,2,1995-07-03,304,537,0
48059,16,hive,2,1995-07-03,404,41,0
48060,16,hive,2,1995-07-04,200,8346,224624456
48061,16,hive,2,1995-07-04,302,323,25683
48062,16,hive,2,1995-07-04,304,456,0
48063,16,hive,2,1995-07-04,404,59,0
48064,16,hive,2,1995-07-05,200,11333,280984480
48065,16,hive,2,1995-07-05,302,460,39734
48066,16,hive,2,1995-07-05,304,749,0
48067,16,hive,2,1995-07-05,403,1,0
48068,16,hive,2,1995-07-05,404,62,0
48069,16,hive,2,1995-07-06,200,12903,304571699
48070,16,hive,2,1995-07-06,302,459,37610
48071,16,hive,2,1995-07-06,304,748,0
48072,16,hive,2,1995-07-06,404,88,0
48073,16,hive,2,1995-07-07,200,11043,263824934
48074,16,hive,2,1995-07-07,302,368,30378
48075,16,hive,2,1995-07-07,304,636,0
48076,16,hive,2,1995-07-07,404,91,0
48077,16,hive,2,1995-07-08,200,5644,132688834
48078,16,hive,2,1995-07-08,302,94,6656
48079,16,hive,2,1995-07-08,304,256,0
48080,16,hive,2,1995-07-08,404,32,0
48081,16,hive,2,1995-07-09,200,4369,94643842
48082,16,hive,2,1995-07-09,302,58,3294
48083,16,hive,2,1995-07-09,304,323,0
48084,16,hive,2,1995-07-09,404,54,0
48085,16,hive,2,1995-07-10,200,8559,183146119
48086,16,hive,2,1995-07-10,302,208,15070
48087,16,hive,2,1995-07-10,304,529,0
48088,16,hive,2,1995-07-10,404,36,0
48089,16,hive,2,1995-07-11,200,9605,192007393
48090,16,hive,2,1995-07-11,302,213,16196
48091,16,hive,2,1995-07-11,304,752,0
48092,16,hive,2,1995-07-11,404,41,0
48093,16,hive,2,1995-07-12,200,10286,197774739
48094,16,hive,2,1995-07-12,302,291,24683
48095,16,hive,2,1995-07-12,304,1008,0
48096,16,hive,2,1995-07-12,404,72,0
48097,16,hive,2,1995-07-13,200,17758,424077524
48098,16,hive,2,1995-07-13,302,733,61069
48099,16,hive,2,1995-07-13,304,2095,0
48100,16,hive,2,1995-07-13,404,85,0
48101,16,hive,2,1995-07-14,200,8954,220491879
48102,16,hive,2,1995-07-14,302,224,16889
48103,16,hive,2,1995-07-14,304,719,0
48104,16,hive,2,1995-07-14,404,29,0
48105,16,hive,2,1995-07-15,200,4412,104615777
48106,16,hive,2,1995-07-15,302,122,9646
48107,16,hive,2,1995-07-15,304,328,0
48108,16,hive,2,1995-07-15,404,37,0
48109,16,hive,2,1995-07-16,200,4506,87467208
48110,16,hive,2,1995-07-16,302,105,7455
48111,16,hive,2,1995-07-16,304,288,0
48112,16,hive,2,1995-07-16,404,31,0
48113,16,hive,2,1995-07-17,200,9098,212476479
48114,16,hive,2,1995-07-17,302,219,17372
48115,16,hive,2,1995-07-17,304,722,0
48116,16,hive,2,1995-07-17,403,1,0
48117,16,hive,2,1995-07-17,404,49,0
48118,16,hive,2,1995-07-17,501,1,0
48119,16,hive,2,1995-07-18,200,6674,138423202
48120,16,hive,2,1995-07-18,302,125,9331
48121,16,hive,2,1995-07-18,304,630,0
48122,16,hive,2,1995-07-18,403,2,0
48123,16,hive,2,1995-07-18,404,35,0
48124,16,hive,2,1995-07-19,200,8264,165579052
48125,16,hive,2,1995-07-19,302,177,14504
48126,16,hive,2,1995-07-19,304,623,0
48127,16,hive,2,1995-07-19,404,32,0
48128,16,hive,2,1995-07-20,200,7417,150437303
48129,16,hive,2,1995-07-20,302,140,11467
48130,16,hive,2,1995-07-20,304,554,0
48131,16,hive,2,1995-07-20,404,58,0
48132,16,hive,2,1995-07-21,200,7868,160046534
48133,16,hive,2,1995-07-21,302,216,16702
48134,16,hive,2,1995-07-21,304,699,0
48135,16,hive,2,1995-07-21,404,49,0
48136,16,hive,2,1995-07-22,200,4188,86500558
48137,16,hive,2,1995-07-22,302,93,7109
48138,16,hive,2,1995-07-22,304,343,0
48139,16,hive,2,1995-07-22,404,22,0
48140,16,hive,2,1995-07-23,200,4188,79742917
48141,16,hive,2,1995-07-23,302,78,5706
48142,16,hive,2,1995-07-23,304,248,0
48143,16,hive,2,1995-07-23,404,30,0
48144,16,hive,2,1995-07-24,200,8330,175054315
48145,16,hive,2,1995-07-24,302,140,10250
48146,16,hive,2,1995-07-24,304,783,0
48147,16,hive,2,1995-07-24,403,1,0
48148,16,hive,2,1995-07-24,404,74,0
48149,16,hive,2,1995-07-25,200,7554,150595708
48150,16,hive,2,1995-07-25,302,129,8635
48151,16,hive,2,1995-07-25,304,687,0
48152,16,hive,2,1995-07-25,403,4,0
48153,16,hive,2,1995-07-25,404,35,0
48154,16,hive,2,1995-07-26,200,7147,147945542
48155,16,hive,2,1995-07-26,302,137,12021
48156,16,hive,2,1995-07-26,304,718,0
48157,16,hive,2,1995-07-26,404,15,0
48158,16,hive,2,1995-07-27,200,7166,154450603
48159,16,hive,2,1995-07-27,302,95,7789
48160,16,hive,2,1995-07-27,304,882,0
48161,16,hive,2,1995-07-27,404,49,0
48162,16,hive,2,1995-07-28,200,3434,64841184
48163,16,hive,2,1995-07-28,302,59,4568
48164,16,hive,2,1995-07-28,304,273,0
48165,16,hive,2,1995-07-28,404,13,0
48166,16,hive,2,1995-08-01,200,3537,61478432
48167,16,hive,2,1995-08-01,302,47,3265
48168,16,hive,2,1995-08-01,304,308,0
48169,16,hive,2,1995-08-01,404,26,0
48170,16,hive,2,1995-08-03,200,6207,104334369
48171,16,hive,2,1995-08-03,302,110,8769
48172,16,hive,2,1995-08-03,304,521,0
48173,16,hive,2,1995-08-03,404,53,0
48174,16,hive,2,1995-08-04,200,6752,148549568
48175,16,hive,2,1995-08-04,302,108,9478
48176,16,hive,2,1995-08-04,304,505,0
48177,16,hive,2,1995-08-04,404,62,0
48178,16,hive,2,1995-08-05,200,3755,73304550
48179,16,hive,2,1995-08-05,302,66,5628
48180,16,hive,2,1995-08-05,304,238,0
48181,16,hive,2,1995-08-05,403,2,0
48182,16,hive,2,1995-08-05,404,31,0
48183,16,hive,2,1995-08-06,200,3962,82514911
48184,16,hive,2,1995-08-06,302,74,6459
48185,16,hive,2,1995-08-06,304,208,0
48186,16,hive,2,1995-08-06,404,49,0
48187,16,hive,2,1995-08-07,200,7195,123766539
48188,16,hive,2,1995-08-07,302,118,9930
48189,16,hive,2,1995-08-07,304,453,0
48190,16,hive,2,1995-08-07,404,97,0
48191,16,hive,2,1995-08-08,200,7226,155839938
48192,16,hive,2,1995-08-08,302,105,8276
48193,16,hive,2,1995-08-08,304,623,0
48194,16,hive,2,1995-08-08,404,41,0
48195,16,hive,2,1995-08-08,500,2,198
48196,16,hive,2,1995-08-09,200,7274,121498123
48197,16,hive,2,1995-08-09,302,150,12369
48198,16,hive,2,1995-08-09,304,679,0
48199,16,hive,2,1995-08-09,404,33,0
48200,16,hive,2,1995-08-10,200,7061,128714695
48201,16,hive,2,1995-08-10,302,132,11474
48202,16,hive,2,1995-08-10,304,716,0
48203,16,hive,2,1995-08-10,404,18,0
48204,16,hive,2,1995-08-11,200,7067,156157977
48205,16,hive,2,1995-08-11,302,126,8716
48206,16,hive,2,1995-08-11,304,484,0
48207,16,hive,2,1995-08-11,404,27,0
48208,16,hive,2,1995-08-12,200,20369,361987825
48209,16,hive,2,1995-08-12,302,526,47120
48210,16,hive,2,1995-08-12,304,1601,0
48211,16,hive,2,1995-08-12,404,139,0
48212,16,hive,2,1995-08-13,200,21678,403338002
48213,16,hive,2,1995-08-13,302,478,43259
48214,16,hive,2,1995-08-13,304,1457,0
48215,16,hive,2,1995-08-13,404,162,0
48216,16,hive,2,1995-08-14,200,11897,252804283
48217,16,hive,2,1995-08-14,302,194,17184
48218,16,hive,2,1995-08-14,304,1021,0
48219,16,hive,2,1995-08-14,404,65,0
48220,16,hive,2,1995-08-15,200,6787,135307320
48221,16,hive,2,1995-08-15,302,139,11611
48222,16,hive,2,1995-08-15,304,615,0
48223,16,hive,2,1995-08-15,404,59,0
48224,16,hive,2,1995-08-16,200,6334,120982923
48225,16,hive,2,1995-08-16,302,84,7560
48226,16,hive,2,1995-08-16,304,745,0
48227,16,hive,2,1995-08-16,404,37,0
48228,16,hive,2,1995-08-17,200,7011,129654550
48229,16,hive,2,1995-08-17,302,108,9803
48230,16,hive,2,1995-08-17,304,541,0
48231,16,hive,2,1995-08-17,404,32,0
48232,16,hive,2,1995-08-18,200,6844,117578142
48233,16,hive,2,1995-08-18,302,132,11018
48234,16,hive,2,1995-08-18,304,636,0
48235,16,hive,2,1995-08-18,404,39,0
48236,16,hive,2,1995-08-19,200,4318,82617121
48237,16,hive,2,1995-08-19,302,63,5315
48238,16,hive,2,1995-08-19,304,295,0
48239,16,hive,2,1995-08-19,404,22,0
48240,16,hive,2,1995-08-20,200,4445,93553604
48241,16,hive,2,1995-08-20,302,64,5970
48242,16,hive,2,1995-08-20,304,325,0
48243,16,hive,2,1995-08-20,404,26,0
48244,16,hive,2,1995-08-21,200,6297,112321332
48245,16,hive,2,1995-08-21,302,158,13788
48246,16,hive,2,1995-08-21,304,643,0
48247,16,hive,2,1995-08-21,404,65,0
48248,16,hive,2,1995-08-22,200,7191,126284107
48249,16,hive,2,1995-08-22,302,101,8595
48250,16,hive,2,1995-08-22,304,608,0
48251,16,hive,2,1995-08-22,403,6,0
48252,16,hive,2,1995-08-22,404,39,0
48253,16,hive,2,1995-08-23,200,6956,142680572
48254,16,hive,2,1995-08-23,302,155,13292
48255,16,hive,2,1995-08-23,304,667,0
48256,16,hive,2,1995-08-23,404,50,0
48257,16,hive,2,1995-08-24,200,6039,93300237
48258,16,hive,2,1995-08-24,302,117,8944
48259,16,hive,2,1995-08-24,304,573,0
48260,16,hive,2,1995-08-24,404,61,0
48261,16,hive,2,1995-08-25,200,5897,107032995
48262,16,hive,2,1995-08-25,302,141,13264
48263,16,hive,2,1995-08-25,304,541,0
48264,16,hive,2,1995-08-25,404,26,0
48265,16,hive,2,1995-08-26,200,3747,70498779
48266,16,hive,2,1995-08-26,302,63,5896
48267,16,hive,2,1995-08-26,304,333,0
48268,16,hive,2,1995-08-26,404,47,0
48269,16,hive,2,1995-08-27,200,4274,74074191
48270,16,hive,2,1995-08-27,302,85,7325
48271,16,hive,2,1995-08-27,304,314,0
48272,16,hive,2,1995-08-27,403,5,0
48273,16,hive,2,1995-08-27,404,41,0
48274,16,hive,2,1995-08-28,200,6370,111738100
48275,16,hive,2,1995-08-28,302,209,18157
48276,16,hive,2,1995-08-28,304,760,0
48277,16,hive,2,1995-08-28,404,44,0
48278,16,hive,2,1995-08-29,200,7885,137914957
48279,16,hive,2,1995-08-29,302,162,14111
48280,16,hive,2,1995-08-29,304,1483,0
48281,16,hive,2,1995-08-29,404,72,0
48282,16,hive,2,1995-08-30,200,8942,171049591
48283,16,hive,2,1995-08-30,302,285,26006
48284,16,hive,2,1995-08-30,304,1146,0
48285,16,hive,2,1995-08-30,404,91,0
48286,16,hive,2,1995-08-31,200,10351,206225840
48287,16,hive,2,1995-08-31,302,352,30980
48288,16,hive,2,1995-08-31,304,1475,0
48289,16,hive,2,1995-08-31,404,62,0
48290,16,hive,3,1995-07-01,200,10730,285643836
48291,16,hive,3,1995-07-01,302,428,36216
48292,16,hive,3,1995-07-01,304,1011,0
48293,16,hive,3,1995-07-01,404,60,0
48294,16,hive,3,1995-07-02,200,11022,299335018
48295,16,hive,3,1995-07-02,302,385,30722
48296,16,hive,3,1995-07-02,304,594,0
48297,16,hive,3,1995-07-02,404,41,0
48298,16,hive,3,1995-07-03,200,12967,317472653
48299,16,hive,3,1995-07-03,302,438,36159
48300,16,hive,3,1995-07-03,304,761,0
48301,16,hive,3,1995-07-03,404,99,0
48302,16,hive,3,1995-07-04,200,11363,307376865
48303,16,hive,3,1995-07-04,302,439,35145
48304,16,hive,3,1995-07-04,304,808,0
48305,16,hive,3,1995-07-04,404,81,0
48306,16,hive,3,1995-07-05,200,10758,250384163
48307,16,hive,3,1995-07-05,302,426,34799
48308,16,hive,3,1995-07-05,304,941,0
48309,16,hive,3,1995-07-05,403,1,0
48310,16,hive,3,1995-07-05,404,71,0
48311,16,hive,3,1995-07-06,200,13563,344033171
48312,16,hive,3,1995-07-06,302,422,33838
48313,16,hive,3,1995-07-06,304,713,0
48314,16,hive,3,1995-07-06,404,86,0
48315,16,hive,3,1995-07-07,200,11242,265737817
48316,16,hive,3,1995-07-07,302,293,20272
48317,16,hive,3,1995-07-07,304,721,0
48318,16,hive,3,1995-07-07,404,70,0
48319,16,hive,3,1995-07-08,200,6080,145836462
48320,16,hive,3,1995-07-08,302,129,8729
48321,16,hive,3,1995-07-08,304,445,0
48322,16,hive,3,1995-07-08,404,57,0
48323,16,hive,3,1995-07-09,200,6021,140402539
48324,16,hive,3,1995-07-09,302,101,5514
48325,16,hive,3,1995-07-09,304,368,0
48326,16,hive,3,1995-07-09,404,69,0
48327,16,hive,3,1995-07-10,200,10477,242423178
48328,16,hive,3,1995-07-10,302,232,16853
48329,16,hive,3,1995-07-10,304,791,0
48330,16,hive,3,1995-07-10,404,41,0
48331,16,hive,3,1995-07-11,200,10655,205175433
48332,16,hive,3,1995-07-11,302,224,16939
48333,16,hive,3,1995-07-11,304,1543,0
48334,16,hive,3,1995-07-11,404,86,0
48335,16,hive,3,1995-07-12,200,11959,236091079
48336,16,hive,3,1995-07-12,302,335,26310
48337,16,hive,3,1995-07-12,304,1827,0
48338,16,hive,3,1995-07-12,404,59,0
48339,16,hive,3,1995-07-13,200,15598,376319747
48340,16,hive,3,1995-07-13,302,622,51375
48341,16,hive,3,1995-07-13,304,2228,0
48342,16,hive,3,1995-07-13,404,77,0
48343,16,hive,3,1995-07-14,200,10670,287054682
48344,16,hive,3,1995-07-14,302,276,21019
48345,16,hive,3,1995-07-14,304,1088,0
48346,16,hive,3,1995-07-14,404,41,0
48347,16,hive,3,1995-07-15,200,7651,184123386
48348,16,hive,3,1995-07-15,302,199,15176
48349,16,hive,3,1995-07-15,304,570,0
48350,16,hive,3,1995-07-15,404,54,0
48351,16,hive,3,1995-07-16,200,7997,212741407
48352,16,hive,3,1995-07-16,302,159,11007
48353,16,hive,3,1995-07-16,304,607,0
48354,16,hive,3,1995-07-16,404,42,0
48355,16,hive,3,1995-07-17,200,9551,186212849
48356,16,hive,3,1995-07-17,302,202,13714
48357,16,hive,3,1995-07-17,304,720,0
48358,16,hive,3,1995-07-17,404,59,0
48359,16,hive,3,1995-07-18,200,7906,142965235
48360,16,hive,3,1995-07-18,302,117,8441
48361,16,hive,3,1995-07-18,304,530,0
48362,16,hive,3,1995-07-18,404,53,0
48363,16,hive,3,1995-07-18,501,1,0
48364,16,hive,3,1995-07-19,200,10204,222276880
48365,16,hive,3,1995-07-19,302,202,13868
48366,16,hive,3,1995-07-19,304,828,0
48367,16,hive,3,1995-07-19,404,55,0
48368,16,hive,3,1995-07-20,200,8122,172129748
48369,16,hive,3,1995-07-20,302,176,13176
48370,16,hive,3,1995-07-20,304,666,0
48371,16,hive,3,1995-07-20,404,64,0
48372,16,hive,3,1995-07-21,200,7961,179783751
48373,16,hive,3,1995-07-21,302,179,13920
48374,16,hive,3,1995-07-21,304,472,0
48375,16,hive,3,1995-07-21,404,44,0
48376,16,hive,3,1995-07-22,200,5804,105201352
48377,16,hive,3,1995-07-22,302,99,7350
48378,16,hive,3,1995-07-22,304,423,0
48379,16,hive,3,1995-07-22,403,2,0
48380,16,hive,3,1995-07-22,404,34,0
48381,16,hive,3,1995-07-23,200,7198,132567641
48382,16,hive,3,1995-07-23,302,74,5897
48383,16,hive,3,1995-07-23,304,482,0
48384,16,hive,3,1995-07-23,404,53,0
48385,16,hive,3,1995-07-24,200,8228,175645681
48386,16,hive,3,1995-07-24,302,80,4417
48387,16,hive,3,1995-07-24,304,585,0
48388,16,hive,3,1995-07-24,404,37,0
48389,16,hive,3,1995-07-25,200,7736,162099922
48390,16,hive,3,1995-07-25,302,116,7850
48391,16,hive,3,1995-07-25,304,614,0
48392,16,hive,3,1995-07-25,404,66,0
48393,16,hive,3,1995-07-26,200,7813,171682349
48394,16,hive,3,1995-07-26,302,99,7084
48395,16,hive,3,1995-07-26,304,587,0
48396,16,hive,3,1995-07-26,404,76,0
48397,16,hive,3,1995-07-27,200,7965,165161494
48398,16,hive,3,1995-07-27,302,105,7502
48399,16,hive,3,1995-07-27,304,478,0
48400,16,hive,3,1995-07-27,404,52,0
48401,16,hive,3,1995-07-28,200,2946,41048052
48402,16,hive,3,1995-07-28,302,37,3116
48403,16,hive,3,1995-07-28,304,279,0
48404,16,hive,3,1995-07-28,404,12,0
48405,16,hive,3,1995-08-01,200,3580,65220328
48406,16,hive,3,1995-08-01,302,67,5872
48407,16,hive,3,1995-08-01,304,236,0
48408,16,hive,3,1995-08-01,404,33,0
48409,16,hive,3,1995-08-03,200,4692,96021707
48410,16,hive,3,1995-08-03,302,86,6661
48411,16,hive,3,1995-08-03,304,245,0
48412,16,hive,3,1995-08-03,404,33,0
48413,16,hive,3,1995-08-04,200,7355,156626030
48414,16,hive,3,1995-08-04,302,104,8750
48415,16,hive,3,1995-08-04,304,526,0
48416,16,hive,3,1995-08-04,404,50,0
48417,16,hive,3,1995-08-05,200,5864,112771082
48418,16,hive,3,1995-08-05,302,80,6933
48419,16,hive,3,1995-08-05,304,283,0
48420,16,hive,3,1995-08-05,404,52,0
48421,16,hive,3,1995-08-06,200,5322,94824843
48422,16,hive,3,1995-08-06,302,72,6189
48423,16,hive,3,1995-08-06,304,233,0
48424,16,hive,3,1995-08-06,404,51,0
48425,16,hive,3,1995-08-07,200,7066,136815774
48426,16,hive,3,1995-08-07,302,131,10591
48427,16,hive,3,1995-08-07,304,451,0
48428,16,hive,3,1995-08-07,403,1,0
48429,16,hive,3,1995-08-07,404,91,0
48430,16,hive,3,1995-08-08,200,7177,125937223
48431,16,hive,3,1995-08-08,302,143,13311
48432,16,hive,3,1995-08-08,304,533,0
48433,16,hive,3,1995-08-08,403,12,0
48434,16,hive,3,1995-08-08,404,45,0
48435,16,hive,3,1995-08-09,200,7529,150579693
48436,16,hive,3,1995-08-09,302,135,11122
48437,16,hive,3,1995-08-09,304,408,0
48438,16,hive,3,1995-08-09,404,41,0
48439,16,hive,3,1995-08-10,200,8013,168045706
48440,16,hive,3,1995-08-10,302,122,9345
48441,16,hive,3,1995-08-10,304,472,0
48442,16,hive,3,1995-08-10,404,57,0
48443,16,hive,3,1995-08-11,200,8295,170380476
48444,16,hive,3,1995-08-11,302,152,11538
48445,16,hive,3,1995-08-11,304,577,0
48446,16,hive,3,1995-08-11,404,48,0
48447,16,hive,3,1995-08-12,200,947,15646522
48448,16,hive,3,1995-08-12,302,24,2193
48449,16,hive,3,1995-08-12,304,17,0
48450,16,hive,3,1995-08-12,404,5,0
48451,16,hive,3,1995-08-14,200,6004,145241651
48452,16,hive,3,1995-08-14,302,105,8535
48453,16,hive,3,1995-08-14,304,327,0
48454,16,hive,3,1995-08-14,404,29,0
48455,16,hive,3,1995-08-15,200,7675,187064159
48456,16,hive,3,1995-08-15,302,145,11126
48457,16,hive,3,1995-08-15,304,514,0
48458,16,hive,3,1995-08-15,404,51,0
48459,16,hive,3,1995-08-16,200,6920,118319725
48460,16,hive,3,1995-08-16,302,155,13858
48461,16,hive,3,1995-08-16,304,440,0
48462,16,hive,3,1995-08-16,404,23,0
48463,16,hive,3,1995-08-17,200,6669,121369024
48464,16,hive,3,1995-08-17,302,130,11212
48465,16,hive,3,1995-08-17,304,369,0
48466,16,hive,3,1995-08-17,404,36,0
48467,16,hive,3,1995-08-18,200,6101,110708331
48468,16,hive,3,1995-08-18,302,97,8334
48469,16,hive,3,1995-08-18,304,378,0
48470,16,hive,3,1995-08-18,404,31,0
48471,16,hive,3,1995-08-19,200,5232,109982169
48472,16,hive,3,1995-08-19,302,101,8557
48473,16,hive,3,1995-08-19,304,318,0
48474,16,hive,3,1995-08-19,403,1,0
48475,16,hive,3,1995-08-19,404,49,0
48476,16,hive,3,1995-08-20,200,5371,92166932
48477,16,hive,3,1995-08-20,302,87,7592
48478,16,hive,3,1995-08-20,304,287,0
48479,16,hive,3,1995-08-20,404,32,0
48480,16,hive,3,1995-08-21,200,7834,140514919
48481,16,hive,3,1995-08-21,302,119,10188
48482,16,hive,3,1995-08-21,304,444,0
48483,16,hive,3,1995-08-21,404,51,0
48484,16,hive,3,1995-08-22,200,7442,145128672
48485,16,hive,3,1995-08-22,302,158,13695
48486,16,hive,3,1995-08-22,304,382,0
48487,16,hive,3,1995-08-22,400,1,0
48488,16,hive,3,1995-08-22,404,25,0
48489,16,hive,3,1995-08-23,200,7447,152702720
48490,16,hive,3,1995-08-23,302,128,11634
48491,16,hive,3,1995-08-23,304,523,0
48492,16,hive,3,1995-08-23,404,69,0
48493,16,hive,3,1995-08-24,200,6018,135276038
48494,16,hive,3,1995-08-24,302,96,8555
48495,16,hive,3,1995-08-24,304,461,0
48496,16,hive,3,1995-08-24,404,39,0
48497,16,hive,3,1995-08-25,200,6665,127864187
48498,16,hive,3,1995-08-25,302,89,7653
48499,16,hive,3,1995-08-25,304,455,0
48500,16,hive,3,1995-08-25,404,65,0
48501,16,hive,3,1995-08-26,200,4958,109008716
48502,16,hive,3,1995-08-26,302,82,7191
48503,16,hive,3,1995-08-26,304,373,0
48504,16,hive,3,1995-08-26,404,55,0
48505,16,hive,3,1995-08-27,200,5382,100020914
48506,16,hive,3,1995-08-27,302,97,8047
48507,16,hive,3,1995-08-27,304,452,0
48508,16,hive,3,1995-08-27,403,21,0
48509,16,hive,3,1995-08-27,404,65,0
48510,16,hive,3,1995-08-28,200,6612,118585536
48511,16,hive,3,1995-08-28,302,115,9396
48512,16,hive,3,1995-08-28,304,734,0
48513,16,hive,3,1995-08-28,404,79,0
48514,16,hive,3,1995-08-29,200,7722,154659113
48515,16,hive,3,1995-08-29,302,199,17224
48516,16,hive,3,1995-08-29,304,785,0
48517,16,hive,3,1995-08-29,404,64,0
48518,16,hive,3,1995-08-30,200,9338,170997754
48519,16,hive,3,1995-08-30,302,260,22677
48520,16,hive,3,1995-08-30,304,1460,0
48521,16,hive,3,1995-08-30,403,1,0
48522,16,hive,3,1995-08-30,404,141,0
48523,16,hive,3,1995-08-31,200,11002,217407616
48524,16,hive,3,1995-08-31,302,302,25273
48525,16,hive,3,1995-08-31,304,1885,0
48526,16,hive,3,1995-08-31,404,68,0
48527,16,hive,4,1995-07-01,200,10343,281975025
48528,16,hive,4,1995-07-01,302,470,40945
48529,16,hive,4,1995-07-01,304,531,0
48530,16,hive,4,1995-07-01,404,66,0
48531,16,hive,4,1995-07-02,200,9365,270378310
48532,16,hive,4,1995-07-02,302,432,36158
48533,16,hive,4,1995-07-02,304,596,0
48534,16,hive,4,1995-07-02,404,67,0
48535,16,hive,4,1995-07-03,200,13361,383585349
48536,16,hive,4,1995-07-03,302,483,39247
48537,16,hive,4,1995-07-03,304,934,0
48538,16,hive,4,1995-07-03,404,74,0
48539,16,hive,4,1995-07-04,200,10743,281934559
48540,16,hive,4,1995-07-04,302,431,36448
48541,16,hive,4,1995-07-04,304,715,0
48542,16,hive,4,1995-07-04,404,54,0
48543,16,hive,4,1995-07-05,200,13685,369580268
48544,16,hive,4,1995-07-05,302,562,47356
48545,16,hive,4,1995-07-05,304,827,0
48546,16,hive,4,1995-07-05,404,90,0
48547,16,hive,4,1995-07-06,200,14286,395718486
48548,16,hive,4,1995-07-06,302,535,44642
48549,16,hive,4,1995-07-06,304,893,0
48550,16,hive,4,1995-07-06,404,90,0
48551,16,hive,4,1995-07-07,200,11732,303508304
48552,16,hive,4,1995-07-07,302,338,25975
48553,16,hive,4,1995-07-07,304,852,0
48554,16,hive,4,1995-07-07,404,82,0
48555,16,hive,4,1995-07-07,501,1,0
48556,16,hive,4,1995-07-08,200,6003,163359392
48557,16,hive,4,1995-07-08,302,102,6841
48558,16,hive,4,1995-07-08,304,450,0
48559,16,hive,4,1995-07-08,404,56,0
48560,16,hive,4,1995-07-09,200,5589,114504224
48561,16,hive,4,1995-07-09,302,72,3851
48562,16,hive,4,1995-07-09,304,400,0
48563,16,hive,4,1995-07-09,404,49,0
48564,16,hive,4,1995-07-10,200,9719,207645091
48565,16,hive,4,1995-07-10,302,170,11780
48566,16,hive,4,1995-07-10,304,792,0
48567,16,hive,4,1995-07-10,404,83,0
48568,16,hive,4,1995-07-11,200,11382,222593699
48569,16,hive,4,1995-07-11,302,221,15885
48570,16,hive,4,1995-07-11,304,743,0
48571,16,hive,4,1995-07-11,404,76,0
48572,16,hive,4,1995-07-12,200,12254,299459820
48573,16,hive,4,1995-07-12,302,295,22781
48574,16,hive,4,1995-07-12,304,1084,0
48575,16,hive,4,1995-07-12,404,74,0
48576,16,hive,4,1995-07-13,200,17180,412626559
48577,16,hive,4,1995-07-13,302,636,52327
48578,16,hive,4,1995-07-13,304,1723,0
48579,16,hive,4,1995-07-13,404,116,0
48580,16,hive,4,1995-07-14,200,11003,334562240
48581,16,hive,4,1995-07-14,302,328,25598
48582,16,hive,4,1995-07-14,304,1177,0
48583,16,hive,4,1995-07-14,403,1,0
48584,16,hive,4,1995-07-14,404,107,0
48585,16,hive,4,1995-07-15,200,6676,155748469
48586,16,hive,4,1995-07-15,302,172,12909
48587,16,hive,4,1995-07-15,304,460,0
48588,16,hive,4,1995-07-15,404,42,0
48589,16,hive,4,1995-07-16,200,7784,195960738
48590,16,hive,4,1995-07-16,302,185,15313
48591,16,hive,4,1995-07-16,304,432,0
48592,16,hive,4,1995-07-16,404,36,0
48593,16,hive,4,1995-07-17,200,9790,242178681
48594,16,hive,4,1995-07-17,302,240,16236
48595,16,hive,4,1995-07-17,304,553,0
48596,16,hive,4,1995-07-17,404,49,0
48597,16,hive,4,1995-07-18,200,8818,192700591
48598,16,hive,4,1995-07-18,302,178,12597
48599,16,hive,4,1995-07-18,304,574,0
48600,16,hive,4,1995-07-18,403,7,0
48601,16,hive,4,1995-07-18,404,64,0
48602,16,hive,4,1995-07-19,200,9430,236731459
48603,16,hive,4,1995-07-19,302,173,13531
48604,16,hive,4,1995-07-19,304,629,0
48605,16,hive,4,1995-07-19,403,2,0
48606,16,hive,4,1995-07-19,404,309,0
48607,16,hive,4,1995-07-20,200,7669,165723750
48608,16,hive,4,1995-07-20,302,171,13485
48609,16,hive,4,1995-07-20,304,630,0
48610,16,hive,4,1995-07-20,400,2,0
48611,16,hive,4,1995-07-20,404,38,0
48612,16,hive,4,1995-07-21,200,8174,191027598
48613,16,hive,4,1995-07-21,302,204,15632
48614,16,hive,4,1995-07-21,304,635,0
48615,16,hive,4,1995-07-21,404,68,0
48616,16,hive,4,1995-07-22,200,5161,90642521
48617,16,hive,4,1995-07-22,302,98,7769
48618,16,hive,4,1995-07-22,304,274,0
48619,16,hive,4,1995-07-22,404,37,0
48620,16,hive,4,1995-07-23,200,5921,119146953
48621,16,hive,4,1995-07-23,302,114,8016
48622,16,hive,4,1995-07-23,304,333,0
48623,16,hive,4,1995-07-23,404,38,0
48624,16,hive,4,1995-07-24,200,8141,195428632
48625,16,hive,4,1995-07-24,302,113,6817
48626,16,hive,4,1995-07-24,304,549,0
48627,16,hive,4,1995-07-24,404,53,0
48628,16,hive,4,1995-07-25,200,8088,170805660
48629,16,hive,4,1995-07-25,302,167,8566
48630,16,hive,4,1995-07-25,304,580,0
48631,16,hive,4,1995-07-25,403,3,0
48632,16,hive,4,1995-07-25,404,122,0
48633,16,hive,4,1995-07-26,200,7464,176070007
48634,16,hive,4,1995-07-26,302,103,7505
48635,16,hive,4,1995-07-26,304,496,0
48636,16,hive,4,1995-07-26,403,3,0
48637,16,hive,4,1995-07-26,404,60,0
48638,16,hive,4,1995-07-27,200,7981,205343179
48639,16,hive,4,1995-07-27,302,106,7669
48640,16,hive,4,1995-07-27,304,648,0
48641,16,hive,4,1995-07-27,404,46,0
48642,16,hive,4,1995-07-28,200,3565,100139864
48643,16,hive,4,1995-07-28,302,62,5539
48644,16,hive,4,1995-07-28,304,277,0
48645,16,hive,4,1995-07-28,404,9,0
48646,16,hive,4,1995-08-01,200,4390,90678785
48647,16,hive,4,1995-08-01,302,73,5850
48648,16,hive,4,1995-08-01,304,489,0
48649,16,hive,4,1995-08-01,403,1,0
48650,16,hive,4,1995-08-01,404,47,0
48651,16,hive,4,1995-08-03,200,5166,105326937
48652,16,hive,4,1995-08-03,302,96,7692
48653,16,hive,4,1995-08-03,304,355,0
48654,16,hive,4,1995-08-03,404,58,0
48655,16,hive,4,1995-08-04,200,7781,180853066
48656,16,hive,4,1995-08-04,302,133,11001
48657,16,hive,4,1995-08-04,304,511,0
48658,16,hive,4,1995-08-04,404,68,0
48659,16,hive,4,1995-08-05,200,4749,107381155
48660,16,hive,4,1995-08-05,302,78,6798
48661,16,hive,4,1995-08-05,304,281,0
48662,16,hive,4,1995-08-05,404,45,0
48663,16,hive,4,1995-08-06,200,5153,116816347
48664,16,hive,4,1995-08-06,302,106,8673
48665,16,hive,4,1995-08-06,304,357,0
48666,16,hive,4,1995-08-06,404,41,0
48667,16,hive,4,1995-08-07,200,7042,148559365
48668,16,hive,4,1995-08-07,302,131,10782
48669,16,hive,4,1995-08-07,304,664,0
48670,16,hive,4,1995-08-07,404,48,0
48671,16,hive,4,1995-08-08,200,8078,197547531
48672,16,hive,4,1995-08-08,302,158,12568
48673,16,hive,4,1995-08-08,304,616,0
48674,16,hive,4,1995-08-08,404,69,0
48675,16,hive,4,1995-08-09,200,7790,145897372
48676,16,hive,4,1995-08-09,302,150,13028
48677,16,hive,4,1995-08-09,304,374,0
48678,16,hive,4,1995-08-09,404,34,0
48679,16,hive,4,1995-08-10,200,7719,159232292
48680,16,hive,4,1995-08-10,302,135,12027
48681,16,hive,4,1995-08-10,304,613,0
48682,16,hive,4,1995-08-10,404,42,0
48683,16,hive,4,1995-08-11,200,7570,187652561
48684,16,hive,4,1995-08-11,302,119,9964
48685,16,hive,4,1995-08-11,304,526,0
48686,16,hive,4,1995-08-11,403,9,0
48687,16,hive,4,1995-08-11,404,51,0
48688,16,hive,4,1995-08-12,200,663,13237910
48689,16,hive,4,1995-08-12,302,9,805
48690,16,hive,4,1995-08-12,304,51,0
48691,16,hive,4,1995-08-12,404,4,0
48692,16,hive,4,1995-08-14,200,5967,116728370
48693,16,hive,4,1995-08-14,302,102,7926
48694,16,hive,4,1995-08-14,304,348,0
48695,16,hive,4,1995-08-14,404,39,0
48696,16,hive,4,1995-08-15,200,7206,193563863
48697,16,hive,4,1995-08-15,302,133,11783
48698,16,hive,4,1995-08-15,304,519,0
48699,16,hive,4,1995-08-15,404,50,0
48700,16,hive,4,1995-08-16,200,7726,187745749
48701,16,hive,4,1995-08-16,302,114,9526
48702,16,hive,4,1995-08-16,304,390,0
48703,16,hive,4,1995-08-16,404,48,0
48704,16,hive,4,1995-08-17,200,7044,174738706
48705,16,hive,4,1995-08-17,302,128,10539
48706,16,hive,4,1995-08-17,304,470,0
48707,16,hive,4,1995-08-17,404,41,0
48708,16,hive,4,1995-08-18,200,6502,134464018
48709,16,hive,4,1995-08-18,302,136,11733
48710,16,hive,4,1995-08-18,304,503,0
48711,16,hive,4,1995-08-18,404,38,0
48712,16,hive,4,1995-08-19,200,4140,77439617
48713,16,hive,4,1995-08-19,302,83,7421
48714,16,hive,4,1995-08-19,304,248,0
48715,16,hive,4,1995-08-19,404,34,0
48716,16,hive,4,1995-08-20,200,4968,109773958
48717,16,hive,4,1995-08-20,302,80,7026
48718,16,hive,4,1995-08-20,304,307,0
48719,16,hive,4,1995-08-20,404,81,0
48720,16,hive,4,1995-08-21,200,7316,172583244
48721,16,hive,4,1995-08-21,302,114,9202
48722,16,hive,4,1995-08-21,304,445,0
48723,16,hive,4,1995-08-21,404,34,0
48724,16,hive,4,1995-08-22,200,7470,151581699
48725,16,hive,4,1995-08-22,302,131,11565
48726,16,hive,4,1995-08-22,304,526,0
48727,16,hive,4,1995-08-22,404,73,0
48728,16,hive,4,1995-08-23,200,6895,148135903
48729,16,hive,4,1995-08-23,302,141,12033
48730,16,hive,4,1995-08-23,304,397,0
48731,16,hive,4,1995-08-23,404,55,0
48732,16,hive,4,1995-08-24,200,5767,124667624
48733,16,hive,4,1995-08-24,302,131,11325
48734,16,hive,4,1995-08-24,304,469,0
48735,16,hive,4,1995-08-24,404,66,0
48736,16,hive,4,1995-08-25,200,7158,151303414
48737,16,hive,4,1995-08-25,302,118,10588
48738,16,hive,4,1995-08-25,304,509,0
48739,16,hive,4,1995-08-25,403,6,0
48740,16,hive,4,1995-08-25,404,84,0
48741,16,hive,4,1995-08-26,200,4486,99831387
48742,16,hive,4,1995-08-26,302,75,6448
48743,16,hive,4,1995-08-26,304,289,0
48744,16,hive,4,1995-08-26,404,61,0
48745,16,hive,4,1995-08-27,200,4108,99281566
48746,16,hive,4,1995-08-27,302,52,4531
48747,16,hive,4,1995-08-27,304,299,0
48748,16,hive,4,1995-08-27,404,68,0
48749,16,hive,4,1995-08-28,200,6809,120193578
48750,16,hive,4,1995-08-28,302,127,11447
48751,16,hive,4,1995-08-28,304,618,0
48752,16,hive,4,1995-08-28,404,76,0
48753,16,hive,4,1995-08-29,200,8582,185123140
48754,16,hive,4,1995-08-29,302,189,16824
48755,16,hive,4,1995-08-29,304,1184,0
48756,16,hive,4,1995-08-29,404,79,0
48757,16,hive,4,1995-08-30,200,10183,207184330
48758,16,hive,4,1995-08-30,302,287,23988
48759,16,hive,4,1995-08-30,304,1341,0
48760,16,hive,4,1995-08-30,404,91,0
48761,16,hive,4,1995-08-31,200,10958,201626622
48762,16,hive,4,1995-08-31,302,302,26573
48763,16,hive,4,1995-08-31,304,2330,0
48764,16,hive,4,1995-08-31,404,84,0
48765,16,hive,5,1995-07-01,200,7403,207675417
48766,16,hive,5,1995-07-01,302,311,26677
48767,16,hive,5,1995-07-01,304,470,0
48768,16,hive,5,1995-07-01,404,25,0
48769,16,hive,5,1995-07-02,200,6496,194020811
48770,16,hive,5,1995-07-02,302,296,24999
48771,16,hive,5,1995-07-02,304,385,0
48772,16,hive,5,1995-07-02,403,1,0
48773,16,hive,5,1995-07-02,404,23,0
48774,16,hive,5,1995-07-03,200,11764,291260774
48775,16,hive,5,1995-07-03,302,474,40479
48776,16,hive,5,1995-07-03,304,728,0
48777,16,hive,5,1995-07-03,403,1,0
48778,16,hive,5,1995-07-03,404,32,0
48779,16,hive,5,1995-07-04,200,7402,197585091
48780,16,hive,5,1995-07-04,302,345,28329
48781,16,hive,5,1995-07-04,304,470,0
48782,16,hive,5,1995-07-04,404,43,0
48783,16,hive,5,1995-07-05,200,14272,342475819
48784,16,hive,5,1995-07-05,302,539,46198
48785,16,hive,5,1995-07-05,304,881,0
48786,16,hive,5,1995-07-05,404,68,0
48787,16,hive,5,1995-07-06,200,13418,278575716
48788,16,hive,5,1995-07-06,302,425,35711
48789,16,hive,5,1995-07-06,304,811,0
48790,16,hive,5,1995-07-06,403,3,0
48791,16,hive,5,1995-07-06,404,78,0
48792,16,hive,5,1995-07-07,200,11505,271691780
48793,16,hive,5,1995-07-07,302,349,25613
48794,16,hive,5,1995-07-07,304,772,0
48795,16,hive,5,1995-07-07,404,69,0
48796,16,hive,5,1995-07-08,200,4009,106250090
48797,16,hive,5,1995-07-08,302,73,5899
48798,16,hive,5,1995-07-08,304,212,0
48799,16,hive,5,1995-07-08,404,24,0
48800,16,hive,5,1995-07-09,200,3146,78607043
48801,16,hive,5,1995-07-09,302,50,3249
48802,16,hive,5,1995-07-09,304,208,0
48803,16,hive,5,1995-07-09,404,28,0
48804,16,hive,5,1995-07-10,200,10131,181996726
48805,16,hive,5,1995-07-10,302,175,10934
48806,16,hive,5,1995-07-10,304,533,0
48807,16,hive,5,1995-07-10,404,37,0
48808,16,hive,5,1995-07-11,200,11391,206171725
48809,16,hive,5,1995-07-11,302,230,16560
48810,16,hive,5,1995-07-11,304,580,0
48811,16,hive,5,1995-07-11,404,49,0
48812,16,hive,5,1995-07-12,200,13485,246406202
48813,16,hive,5,1995-07-12,302,291,22848
48814,16,hive,5,1995-07-12,304,1310,0
48815,16,hive,5,1995-07-12,403,3,0
48816,16,hive,5,1995-07-12,404,48,0
48817,16,hive,5,1995-07-13,200,16137,336709963
48818,16,hive,5,1995-07-13,302,502,42295
48819,16,hive,5,1995-07-13,304,2110,0
48820,16,hive,5,1995-07-13,404,45,0
48821,16,hive,5,1995-07-13,501,2,0
48822,16,hive,5,1995-07-14,200,12567,320865233
48823,16,hive,5,1995-07-14,302,328,26261
48824,16,hive,5,1995-07-14,304,730,0
48825,16,hive,5,1995-07-14,404,63,0
48826,16,hive,5,1995-07-15,200,4888,137382308
48827,16,hive,5,1995-07-15,302,122,9711
48828,16,hive,5,1995-07-15,304,337,0
48829,16,hive,5,1995-07-15,404,25,0
48830,16,hive,5,1995-07-16,200,4575,95899972
48831,16,hive,5,1995-07-16,302,97,6434
48832,16,hive,5,1995-07-16,304,313,0
48833,16,hive,5,1995-07-16,404,23,0
48834,16,hive,5,1995-07-17,200,10400,187297328
48835,16,hive,5,1995-07-17,302,207,14339
48836,16,hive,5,1995-07-17,304,590,0
48837,16,hive,5,1995-07-17,404,39,0
48838,16,hive,5,1995-07-18,200,8774,179258729
48839,16,hive,5,1995-07-18,302,130,10986
48840,16,hive,5,1995-07-18,304,479,0
48841,16,hive,5,1995-07-18,404,96,0
48842,16,hive,5,1995-07-18,501,1,0
48843,16,hive,5,1995-07-19,200,9514,174429420
48844,16,hive,5,1995-07-19,302,163,12516
48845,16,hive,5,1995-07-19,304,674,0
48846,16,hive,5,1995-07-19,404,30,0
48847,16,hive,5,1995-07-20,200,9430,168961091
48848,16,hive,5,1995-07-20,302,136,9599
48849,16,hive,5,1995-07-20,304,536,0
48850,16,hive,5,1995-07-20,404,99,0
48851,16,hive,5,1995-07-21,200,8023,139457876
48852,16,hive,5,1995-07-21,302,135,9425
48853,16,hive,5,1995-07-21,304,522,0
48854,16,hive,5,1995-07-21,404,41,0
48855,16,hive,5,1995-07-22,200,3296,67212639
48856,16,hive,5,1995-07-22,302,86,6466
48857,16,hive,5,1995-07-22,304,405,0
48858,16,hive,5,1995-07-22,404,25,0
48859,16,hive,5,1995-07-23,200,4159,85668934
48860,16,hive,5,1995-07-23,302,55,3803
48861,16,hive,5,1995-07-23,304,363,0
48862,16,hive,5,1995-07-23,404,12,0
48863,16,hive,5,1995-07-24,200,9002,167897623
48864,16,hive,5,1995-07-24,302,117,7889
48865,16,hive,5,1995-07-24,304,605,0
48866,16,hive,5,1995-07-24,404,42,0
48867,16,hive,5,1995-07-25,200,9193,167618645
48868,16,hive,5,1995-07-25,302,127,9468
48869,16,hive,5,1995-07-25,304,535,0
48870,16,hive,5,1995-07-25,404,53,0
48871,16,hive,5,1995-07-26,200,8006,134040075
48872,16,hive,5,1995-07-26,302,77,5427
48873,16,hive,5,1995-07-26,304,460,0
48874,16,hive,5,1995-07-26,404,33,0
48875,16,hive,5,1995-07-27,200,9157,159489596
48876,16,hive,5,1995-07-27,302,152,12078
48877,16,hive,5,1995-07-27,304,564,0
48878,16,hive,5,1995-07-27,403,4,0
48879,16,hive,5,1995-07-27,404,34,0
48880,16,hive,5,1995-07-28,200,3510,72398455
48881,16,hive,5,1995-07-28,302,50,4096
48882,16,hive,5,1995-07-28,304,167,0
48883,16,hive,5,1995-07-28,404,16,0
48884,16,hive,5,1995-08-01,200,5273,64230080
48885,16,hive,5,1995-08-01,302,51,4150
48886,16,hive,5,1995-08-01,304,343,0
48887,16,hive,5,1995-08-01,404,33,0
48888,16,hive,5,1995-08-03,200,5601,92388869
48889,16,hive,5,1995-08-03,302,78,6633
48890,16,hive,5,1995-08-03,304,312,0
48891,16,hive,5,1995-08-03,404,32,0
48892,16,hive,5,1995-08-04,200,8778,159032055
48893,16,hive,5,1995-08-04,302,105,8953
48894,16,hive,5,1995-08-04,304,463,0
48895,16,hive,5,1995-08-04,404,35,0
48896,16,hive,5,1995-08-05,200,3181,69035479
48897,16,hive,5,1995-08-05,302,49,3987
48898,16,hive,5,1995-08-05,304,250,0
48899,16,hive,5,1995-08-05,404,23,0
48900,16,hive,5,1995-08-06,200,3570,82303250
48901,16,hive,5,1995-08-06,302,52,4265
48902,16,hive,5,1995-08-06,304,233,0
48903,16,hive,5,1995-08-06,404,108,0
48904,16,hive,5,1995-08-07,200,7848,141363739
48905,16,hive,5,1995-08-07,302,100,8898
48906,16,hive,5,1995-08-07,304,525,0
48907,16,hive,5,1995-08-07,404,77,0
48908,16,hive,5,1995-08-08,200,8693,146081140
48909,16,hive,5,1995-08-08,302,126,10914
48910,16,hive,5,1995-08-08,304,804,0
48911,16,hive,5,1995-08-08,404,62,0
48912,16,hive,5,1995-08-09,200,8636,142702752
48913,16,hive,5,1995-08-09,302,121,9935
48914,16,hive,5,1995-08-09,304,831,0
48915,16,hive,5,1995-08-09,404,34,0
48916,16,hive,5,1995-08-10,200,9212,158788580
48917,16,hive,5,1995-08-10,302,145,12821
48918,16,hive,5,1995-08-10,304,593,0
48919,16,hive,5,1995-08-10,404,25,0
48920,16,hive,5,1995-08-11,200,9572,156176294
48921,16,hive,5,1995-08-11,302,118,10430
48922,16,hive,5,1995-08-11,304,618,0
48923,16,hive,5,1995-08-11,404,41,0
48924,16,hive,5,1995-08-11,501,2,0
48925,16,hive,5,1995-08-12,200,566,10287667
48926,16,hive,5,1995-08-12,302,17,1695
48927,16,hive,5,1995-08-12,304,86,0
48928,16,hive,5,1995-08-14,200,7130,109603939
48929,16,hive,5,1995-08-14,302,106,9686
48930,16,hive,5,1995-08-14,304,393,0
48931,16,hive,5,1995-08-14,404,35,0
48932,16,hive,5,1995-08-15,200,9322,135806534
48933,16,hive,5,1995-08-15,302,147,12273
48934,16,hive,5,1995-08-15,304,391,0
48935,16,hive,5,1995-08-15,404,28,0
48936,16,hive,5,1995-08-16,200,7940,136512340
48937,16,hive,5,1995-08-16,302,114,10350
48938,16,hive,5,1995-08-16,304,470,0
48939,16,hive,5,1995-08-16,404,42,0
48940,16,hive,5,1995-08-17,200,9173,141692525
48941,16,hive,5,1995-08-17,302,156,14128
48942,16,hive,5,1995-08-17,304,567,0
48943,16,hive,5,1995-08-17,404,39,0
48944,16,hive,5,1995-08-18,200,8699,153577386
48945,16,hive,5,1995-08-18,302,124,10184
48946,16,hive,5,1995-08-18,304,570,0
48947,16,hive,5,1995-08-18,404,46,0
48948,16,hive,5,1995-08-18,501,2,0
48949,16,hive,5,1995-08-19,200,3064,54566976
48950,16,hive,5,1995-08-19,302,35,2995
48951,16,hive,5,1995-08-19,304,226,0
48952,16,hive,5,1995-08-19,404,6,0
48953,16,hive,5,1995-08-20,200,3148,79023210
48954,16,hive,5,1995-08-20,302,45,4154
48955,16,hive,5,1995-08-20,304,219,0
48956,16,hive,5,1995-08-20,404,76,0
48957,16,hive,5,1995-08-21,200,7198,109505740
48958,16,hive,5,1995-08-21,302,89,7773
48959,16,hive,5,1995-08-21,304,527,0
48960,16,hive,5,1995-08-21,404,48,0
48961,16,hive,5,1995-08-22,200,8424,133104928
48962,16,hive,5,1995-08-22,302,116,9775
48963,16,hive,5,1995-08-22,304,565,0
48964,16,hive,5,1995-08-22,404,22,0
48965,16,hive,5,1995-08-22,501,2,0
48966,16,hive,5,1995-08-23,200,8628,122765072
48967,16,hive,5,1995-08-23,302,166,9406
48968,16,hive,5,1995-08-23,304,583,0
48969,16,hive,5,1995-08-23,404,32,0
48970,16,hive,5,1995-08-24,200,9223,132921099
48971,16,hive,5,1995-08-24,302,111,8542
48972,16,hive,5,1995-08-24,304,513,0
48973,16,hive,5,1995-08-24,404,52,0
48974,16,hive,5,1995-08-24,501,2,0
48975,16,hive,5,1995-08-25,200,9989,170941908
48976,16,hive,5,1995-08-25,302,129,10587
48977,16,hive,5,1995-08-25,304,963,0
48978,16,hive,5,1995-08-25,404,51,0
48979,16,hive,5,1995-08-26,200,3090,60355405
48980,16,hive,5,1995-08-26,302,49,4607
48981,16,hive,5,1995-08-26,304,282,0
48982,16,hive,5,1995-08-26,404,30,0
48983,16,hive,5,1995-08-27,200,3150,62902012
48984,16,hive,5,1995-08-27,302,56,4739
48985,16,hive,5,1995-08-27,304,276,0
48986,16,hive,5,1995-08-27,404,44,0
48987,16,hive,5,1995-08-28,200,8307,129313556
48988,16,hive,5,1995-08-28,302,97,8031
48989,16,hive,5,1995-08-28,304,525,0
48990,16,hive,5,1995-08-28,404,52,0
48991,16,hive,5,1995-08-29,200,10349,150396938
48992,16,hive,5,1995-08-29,302,162,12348
48993,16,hive,5,1995-08-29,304,703,0
48994,16,hive,5,1995-08-29,404,41,0
48995,16,hive,5,1995-08-29,501,1,0
48996,16,hive,5,1995-08-30,200,11995,218412529
48997,16,hive,5,1995-08-30,302,190,14799
48998,16,hive,5,1995-08-30,304,939,0
48999,16,hive,5,1995-08-30,404,88,0
49000,16,hive,5,1995-08-30,500,1,83
49001,16,hive,5,1995-08-31,200,11988,213958774
49002,16,hive,5,1995-08-31,302,302,25894
49003,16,hive,5,1995-08-31,304,983,0
49004,16,hive,5,1995-08-31,404,72,0
49005,16,hive,6,1995-07-01,200,11902,334657000
49006,16,hive,6,1995-07-01,302,515,44556
49007,16,hive,6,1995-07-01,304,677,0
49008,16,hive,6,1995-07-01,404,57,0
49009,16,hive,6,1995-07-02,200,10752,300967394
49010,16,hive,6,1995-07-02,302,477,40468
49011,16,hive,6,1995-07-02,304,614,0
49012,16,hive,6,1995-07-02,404,41,0
49013,16,hive,6,1995-07-03,200,12939,318019920
49014,16,hive,6,1995-07-03,302,486,42432
49015,16,hive,6,1995-07-03,304,606,0
49016,16,hive,6,1995-07-03,403,1,0
49017,16,hive,6,1995-07-03,404,77,0
49018,16,hive,6,1995-07-04,200,12168,357225203
49019,16,hive,6,1995-07-04,302,445,37557
49020,16,hive,6,1995-07-04,304,1174,0
49021,16,hive,6,1995-07-04,404,50,0
49022,16,hive,6,1995-07-05,200,11629,273783922
49023,16,hive,6,1995-07-05,302,494,41203
49024,16,hive,6,1995-07-05,304,758,0
49025,16,hive,6,1995-07-05,404,45,0
49026,16,hive,6,1995-07-06,200,13007,306652172
49027,16,hive,6,1995-07-06,302,476,40020
49028,16,hive,6,1995-07-06,304,825,0
49029,16,hive,6,1995-07-06,404,92,0
49030,16,hive,6,1995-07-07,200,11388,290569936
49031,16,hive,6,1995-07-07,302,278,21301
49032,16,hive,6,1995-07-07,304,685,0
49033,16,hive,6,1995-07-07,404,86,0
49034,16,hive,6,1995-07-08,200,7426,197917137
49035,16,hive,6,1995-07-08,302,154,10971
49036,16,hive,6,1995-07-08,304,397,0
49037,16,hive,6,1995-07-08,404,55,0
49038,16,hive,6,1995-07-09,200,6668,166816001
49039,16,hive,6,1995-07-09,302,128,8501
49040,16,hive,6,1995-07-09,304,494,0
49041,16,hive,6,1995-07-09,404,49,0
49042,16,hive,6,1995-07-10,200,8842,184370685
49043,16,hive,6,1995-07-10,302,212,13903
49044,16,hive,6,1995-07-10,304,733,0
49045,16,hive,6,1995-07-10,404,82,0
49046,16,hive,6,1995-07-10,500,1,0
49047,16,hive,6,1995-07-11,200,9050,165263844
49048,16,hive,6,1995-07-11,302,267,20013
49049,16,hive,6,1995-07-11,304,711,0
49050,16,hive,6,1995-07-11,404,98,0
49051,16,hive,6,1995-07-12,200,10934,254038486
49052,16,hive,6,1995-07-12,302,379,31431
49053,16,hive,6,1995-07-12,304,810,0
49054,16,hive,6,1995-07-12,404,111,0
49055,16,hive,6,1995-07-13,200,16398,367175424
49056,16,hive,6,1995-07-13,302,718,61726
49057,16,hive,6,1995-07-13,304,2305,0
49058,16,hive,6,1995-07-13,404,44,0
49059,16,hive,6,1995-07-14,200,11966,263148328
49060,16,hive,6,1995-07-14,302,371,31325
49061,16,hive,6,1995-07-14,304,742,0
49062,16,hive,6,1995-07-14,404,64,0
49063,16,hive,6,1995-07-15,200,9626,196891468
49064,16,hive,6,1995-07-15,302,338,28951
49065,16,hive,6,1995-07-15,304,535,0
49066,16,hive,6,1995-07-15,404,53,0
49067,16,hive,6,1995-07-16,200,11248,253964209
49068,16,hive,6,1995-07-16,302,410,35433
49069,16,hive,6,1995-07-16,304,411,0
49070,16,hive,6,1995-07-16,404,62,0
49071,16,hive,6,1995-07-17,200,10272,209641413
49072,16,hive,6,1995-07-17,302,252,20376
49073,16,hive,6,1995-07-17,304,803,0
49074,16,hive,6,1995-07-17,404,85,0
49075,16,hive,6,1995-07-18,200,8292,159298338
49076,16,hive,6,1995-07-18,302,165,12225
49077,16,hive,6,1995-07-18,304,764,0
49078,16,hive,6,1995-07-18,404,61,0
49079,16,hive,6,1995-07-19,200,9829,211888760
49080,16,hive,6,1995-07-19,302,165,13112
49081,16,hive,6,1995-07-19,304,791,0
49082,16,hive,6,1995-07-19,404,53,0
49083,16,hive,6,1995-07-20,200,9940,192959190
49084,16,hive,6,1995-07-20,302,170,12932
49085,16,hive,6,1995-07-20,304,835,0
49086,16,hive,6,1995-07-20,404,61,0
49087,16,hive,6,1995-07-21,200,9419,156863126
49088,16,hive,6,1995-07-21,302,144,12193
49089,16,hive,6,1995-07-21,304,540,0
49090,16,hive,6,1995-07-21,404,56,0
49091,16,hive,6,1995-07-22,200,6390,135183476
49092,16,hive,6,1995-07-22,302,139,11818
49093,16,hive,6,1995-07-22,304,383,0
49094,16,hive,6,1995-07-22,404,39,0
49095,16,hive,6,1995-07-23,200,7307,160136312
49096,16,hive,6,1995-07-23,302,130,11466
49097,16,hive,6,1995-07-23,304,422,0
49098,16,hive,6,1995-07-23,404,35,0
49099,16,hive,6,1995-07-24,200,6983,149673620
49100,16,hive,6,1995-07-24,302,114,7964
49101,16,hive,6,1995-07-24,304,448,0
49102,16,hive,6,1995-07-24,404,50,0
49103,16,hive,6,1995-07-25,200,7092,143762753
49104,16,hive,6,1995-07-25,302,90,6613
49105,16,hive,6,1995-07-25,304,460,0
49106,16,hive,6,1995-07-25,404,83,0
49107,16,hive,6,1995-07-26,200,6665,116071596
49108,16,hive,6,1995-07-26,302,94,6625
49109,16,hive,6,1995-07-26,304,456,0
49110,16,hive,6,1995-07-26,404,48,0
49111,16,hive,6,1995-07-27,200,6260,111886961
49112,16,hive,6,1995-07-27,302,105,8473
49113,16,hive,6,1995-07-27,304,489,0
49114,16,hive,6,1995-07-27,404,43,0
49115,16,hive,6,1995-07-28,200,3731,62701257
49116,16,hive,6,1995-07-28,302,61,4776
49117,16,hive,6,1995-07-28,304,199,0
49118,16,hive,6,1995-07-28,404,17,0
49119,16,hive,6,1995-08-01,200,3896,69934396
49120,16,hive,6,1995-08-01,302,48,4107
49121,16,hive,6,1995-08-01,304,216,0
49122,16,hive,6,1995-08-01,404,21,0
49123,16,hive,6,1995-08-03,200,4379,102964639
49124,16,hive,6,1995-08-03,302,77,6919
49125,16,hive,6,1995-08-03,304,234,0
49126,16,hive,6,1995-08-03,404,43,0
49127,16,hive,6,1995-08-04,200,7040,144440057
49128,16,hive,6,1995-08-04,302,146,12429
49129,16,hive,6,1995-08-04,304,407,0
49130,16,hive,6,1995-08-04,404,31,0
49131,16,hive,6,1995-08-05,200,5563,102162539
49132,16,hive,6,1995-08-05,302,109,8891
49133,16,hive,6,1995-08-05,304,353,0
49134,16,hive,6,1995-08-05,404,43,0
49135,16,hive,6,1995-08-06,200,5262,85600856
49136,16,hive,6,1995-08-06,302,86,6484
49137,16,hive,6,1995-08-06,304,349,0
49138,16,hive,6,1995-08-06,403,1,0
49139,16,hive,6,1995-08-06,404,44,0
49140,16,hive,6,1995-08-07,200,8216,158759494
49141,16,hive,6,1995-08-07,302,127,9984
49142,16,hive,6,1995-08-07,304,420,0
49143,16,hive,6,1995-08-07,403,1,0
49144,16,hive,6,1995-08-07,404,135,0
49145,16,hive,6,1995-08-08,200,7132,144063049
49146,16,hive,6,1995-08-08,302,124,10619
49147,16,hive,6,1995-08-08,304,419,0
49148,16,hive,6,1995-08-08,404,57,0
49149,16,hive,6,1995-08-09,200,7312,139729121
49150,16,hive,6,1995-08-09,302,101,7960
49151,16,hive,6,1995-08-09,304,447,0
49152,16,hive,6,1995-08-09,403,2,0
49153,16,hive,6,1995-08-09,404,56,0
49154,16,hive,6,1995-08-10,200,6905,134731742
49155,16,hive,6,1995-08-10,302,107,9617
49156,16,hive,6,1995-08-10,304,569,0
49157,16,hive,6,1995-08-10,404,68,0
49158,16,hive,6,1995-08-11,200,7078,135898757
49159,16,hive,6,1995-08-11,302,120,10167
49160,16,hive,6,1995-08-11,304,489,0
49161,16,hive,6,1995-08-11,404,31,0
49162,16,hive,6,1995-08-12,200,952,19075700
49163,16,hive,6,1995-08-12,302,24,2115
49164,16,hive,6,1995-08-12,304,47,0
49165,16,hive,6,1995-08-12,404,5,0
49166,16,hive,6,1995-08-14,200,5049,97546979
49167,16,hive,6,1995-08-14,302,99,8128
49168,16,hive,6,1995-08-14,304,350,0
49169,16,hive,6,1995-08-14,403,12,0
49170,16,hive,6,1995-08-14,404,33,0
49171,16,hive,6,1995-08-15,200,7598,155561952
49172,16,hive,6,1995-08-15,302,149,12741
49173,16,hive,6,1995-08-15,304,406,0
49174,16,hive,6,1995-08-15,404,65,0
49175,16,hive,6,1995-08-16,200,7109,149234666
49176,16,hive,6,1995-08-16,302,86,7586
49177,16,hive,6,1995-08-16,304,383,0
49178,16,hive,6,1995-08-16,404,36,0
49179,16,hive,6,1995-08-17,200,5896,113648655
49180,16,hive,6,1995-08-17,302,96,8451
49181,16,hive,6,1995-08-17,304,389,0
49182,16,hive,6,1995-08-17,404,49,0
49183,16,hive,6,1995-08-18,200,6944,129556863
49184,16,hive,6,1995-08-18,302,130,10628
49185,16,hive,6,1995-08-18,304,412,0
49186,16,hive,6,1995-08-18,404,27,0
49187,16,hive,6,1995-08-19,200,5896,115526457
49188,16,hive,6,1995-08-19,302,128,11457
49189,16,hive,6,1995-08-19,304,257,0
49190,16,hive,6,1995-08-19,404,32,0
49191,16,hive,6,1995-08-20,200,5416,102244558
49192,16,hive,6,1995-08-20,302,92,7708
49193,16,hive,6,1995-08-20,304,408,0
49194,16,hive,6,1995-08-20,404,31,0
49195,16,hive,6,1995-08-20,501,8,0
49196,16,hive,6,1995-08-21,200,7135,118354592
49197,16,hive,6,1995-08-21,302,104,9212
49198,16,hive,6,1995-08-21,304,388,0
49199,16,hive,6,1995-08-21,404,40,0
49200,16,hive,6,1995-08-22,200,6292,126144134
49201,16,hive,6,1995-08-22,302,137,11537
49202,16,hive,6,1995-08-22,304,397,0
49203,16,hive,6,1995-08-22,403,5,0
49204,16,hive,6,1995-08-22,404,52,0
49205,16,hive,6,1995-08-23,200,7001,124380824
49206,16,hive,6,1995-08-23,302,126,10030
49207,16,hive,6,1995-08-23,304,408,0
49208,16,hive,6,1995-08-23,404,65,0
49209,16,hive,6,1995-08-24,200,5370,97719663
49210,16,hive,6,1995-08-24,302,64,4924
49211,16,hive,6,1995-08-24,304,408,0
49212,16,hive,6,1995-08-24,404,39,0
49213,16,hive,6,1995-08-25,200,7068,143828023
49214,16,hive,6,1995-08-25,302,129,10753
49215,16,hive,6,1995-08-25,304,406,0
49216,16,hive,6,1995-08-25,404,66,0
49217,16,hive,6,1995-08-26,200,5858,114823964
49218,16,hive,6,1995-08-26,302,118,10399
49219,16,hive,6,1995-08-26,304,313,0
49220,16,hive,6,1995-08-26,404,86,0
49221,16,hive,6,1995-08-27,200,5768,110700733
49222,16,hive,6,1995-08-27,302,110,10116
49223,16,hive,6,1995-08-27,304,338,0
49224,16,hive,6,1995-08-27,404,88,0
49225,16,hive,6,1995-08-28,200,6582,126101595
49226,16,hive,6,1995-08-28,302,150,11906
49227,16,hive,6,1995-08-28,304,544,0
49228,16,hive,6,1995-08-28,404,48,0
49229,16,hive,6,1995-08-29,200,7471,147955700
49230,16,hive,6,1995-08-29,302,180,15139
49231,16,hive,6,1995-08-29,304,538,0
49232,16,hive,6,1995-08-29,403,11,0
49233,16,hive,6,1995-08-29,404,57,0
49234,16,hive,6,1995-08-30,200,8756,172789631
49235,16,hive,6,1995-08-30,302,254,21604
49236,16,hive,6,1995-08-30,304,643,0
49237,16,hive,6,1995-08-30,404,66,0
49238,16,hive,6,1995-08-31,200,10300,193284552
49239,16,hive,6,1995-08-31,302,384,34323
49240,16,hive,6,1995-08-31,304,2000,0
49241,16,hive,6,1995-08-31,404,93,0
49242,16,hive,7,1995-07-01,200,7738,248356445
49243,16,hive,7,1995-07-01,302,377,30220
49244,16,hive,7,1995-07-01,304,582,0
49245,16,hive,7,1995-07-01,404,54,0
49246,16,hive,7,1995-07-02,200,7425,243546797
49247,16,hive,7,1995-07-02,302,382,30053
49248,16,hive,7,1995-07-02,304,491,0
49249,16,hive,7,1995-07-02,404,59,0
49250,16,hive,7,1995-07-03,200,9418,270855210
49251,16,hive,7,1995-07-03,302,453,36172
49252,16,hive,7,1995-07-03,304,624,0
49253,16,hive,7,1995-07-03,404,70,0
49254,16,hive,7,1995-07-04,200,8724,268506926
49255,16,hive,7,1995-07-04,302,364,29609
49256,16,hive,7,1995-07-04,304,723,0
49257,16,hive,7,1995-07-04,404,45,0
49258,16,hive,7,1995-07-05,200,9723,265488531
49259,16,hive,7,1995-07-05,302,375,30934
49260,16,hive,7,1995-07-05,304,600,0
49261,16,hive,7,1995-07-05,404,100,0
49262,16,hive,7,1995-07-06,200,10615,280534403
49263,16,hive,7,1995-07-06,302,392,29889
49264,16,hive,7,1995-07-06,304,712,0
49265,16,hive,7,1995-07-06,403,2,0
49266,16,hive,7,1995-07-06,404,100,0
49267,16,hive,7,1995-07-07,200,9487,275748941
49268,16,hive,7,1995-07-07,302,327,23371
49269,16,hive,7,1995-07-07,304,706,0
49270,16,hive,7,1995-07-07,403,1,0
49271,16,hive,7,1995-07-07,404,102,0
49272,16,hive,7,1995-07-08,200,4939,147917928
49273,16,hive,7,1995-07-08,302,114,6551
49274,16,hive,7,1995-07-08,304,291,0
49275,16,hive,7,1995-07-08,404,70,0
49276,16,hive,7,1995-07-09,200,4889,126520355
49277,16,hive,7,1995-07-09,302,140,8349
49278,16,hive,7,1995-07-09,304,347,0
49279,16,hive,7,1995-07-09,404,94,0
49280,16,hive,7,1995-07-10,200,7596,172803392
49281,16,hive,7,1995-07-10,302,226,16071
49282,16,hive,7,1995-07-10,304,706,0
49283,16,hive,7,1995-07-10,404,53,0
49284,16,hive,7,1995-07-11,200,8223,180829586
49285,16,hive,7,1995-07-11,302,278,21205
49286,16,hive,7,1995-07-11,304,974,0
49287,16,hive,7,1995-07-11,404,61,0
49288,16,hive,7,1995-07-12,200,9849,246408187
49289,16,hive,7,1995-07-12,302,365,29759
49290,16,hive,7,1995-07-12,304,1709,0
49291,16,hive,7,1995-07-12,404,39,0
49292,16,hive,7,1995-07-13,200,14494,340567591
49293,16,hive,7,1995-07-13,302,562,43720
49294,16,hive,7,1995-07-13,304,2402,0
49295,16,hive,7,1995-07-13,404,92,0
49296,16,hive,7,1995-07-14,200,8574,234030984
49297,16,hive,7,1995-07-14,302,406,32096
49298,16,hive,7,1995-07-14,304,869,0
49299,16,hive,7,1995-07-14,404,41,0
49300,16,hive,7,1995-07-15,200,6282,165843595
49301,16,hive,7,1995-07-15,302,227,17354
49302,16,hive,7,1995-07-15,304,625,0
49303,16,hive,7,1995-07-15,404,40,0
49304,16,hive,7,1995-07-16,200,6194,158638743
49305,16,hive,7,1995-07-16,302,136,10068
49306,16,hive,7,1995-07-16,304,530,0
49307,16,hive,7,1995-07-16,404,61,0
49308,16,hive,7,1995-07-17,200,8652,195229276
49309,16,hive,7,1995-07-17,302,211,13422
49310,16,hive,7,1995-07-17,304,884,0
49311,16,hive,7,1995-07-17,404,74,0
49312,16,hive,7,1995-07-18,200,6875,160056475
49313,16,hive,7,1995-07-18,302,157,10714
49314,16,hive,7,1995-07-18,304,681,0
49315,16,hive,7,1995-07-18,404,104,0
49316,16,hive,7,1995-07-18,500,8,0
49317,16,hive,7,1995-07-19,200,8377,193307031
49318,16,hive,7,1995-07-19,302,229,18668
49319,16,hive,7,1995-07-19,304,701,0
49320,16,hive,7,1995-07-19,404,94,0
49321,16,hive,7,1995-07-20,200,7360,175850000
49322,16,hive,7,1995-07-20,302,156,11390
49323,16,hive,7,1995-07-20,304,702,0
49324,16,hive,7,1995-07-20,404,49,0
49325,16,hive,7,1995-07-21,200,7724,152121301
49326,16,hive,7,1995-07-21,302,191,14585
49327,16,hive,7,1995-07-21,304,706,0
49328,16,hive,7,1995-07-21,404,31,0
49329,16,hive,7,1995-07-22,200,5530,159269170
49330,16,hive,7,1995-07-22,302,169,14500
49331,16,hive,7,1995-07-22,304,522,0
49332,16,hive,7,1995-07-22,404,28,0
49333,16,hive,7,1995-07-23,200,5825,142609070
49334,16,hive,7,1995-07-23,302,117,9704
49335,16,hive,7,1995-07-23,304,254,0
49336,16,hive,7,1995-07-23,404,61,0
49337,16,hive,7,1995-07-24,200,7952,168359680
49338,16,hive,7,1995-07-24,302,167,12290
49339,16,hive,7,1995-07-24,304,756,0
49340,16,hive,7,1995-07-24,404,47,0
49341,16,hive,7,1995-07-25,200,8230,207364228
49342,16,hive,7,1995-07-25,302,110,7966
49343,16,hive,7,1995-07-25,304,464,0
49344,16,hive,7,1995-07-25,404,61,0
49345,16,hive,7,1995-07-26,200,6880,143534089
49346,16,hive,7,1995-07-26,302,131,10000
49347,16,hive,7,1995-07-26,304,593,0
49348,16,hive,7,1995-07-26,404,67,0
49349,16,hive,7,1995-07-27,200,7792,168092824
49350,16,hive,7,1995-07-27,302,127,9557
49351,16,hive,7,1995-07-27,304,540,0
49352,16,hive,7,1995-07-27,404,67,0
49353,16,hive,7,1995-07-28,200,3431,80648626
49354,16,hive,7,1995-07-28,302,40,3260
49355,16,hive,7,1995-07-28,304,324,0
49356,16,hive,7,1995-07-28,404,15,0
49357,16,hive,7,1995-08-01,200,3741,86083535
49358,16,hive,7,1995-08-01,302,43,2463
49359,16,hive,7,1995-08-01,304,413,0
49360,16,hive,7,1995-08-01,404,59,0
49361,16,hive,7,1995-08-03,200,4937,117748493
49362,16,hive,7,1995-08-03,302,130,11769
49363,16,hive,7,1995-08-03,304,415,0
49364,16,hive,7,1995-08-03,404,44,0
49365,16,hive,7,1995-08-04,200,8109,185964908
49366,16,hive,7,1995-08-04,302,144,12454
49367,16,hive,7,1995-08-04,304,711,0
49368,16,hive,7,1995-08-04,403,1,0
49369,16,hive,7,1995-08-04,404,64,0
49370,16,hive,7,1995-08-05,200,5066,120288211
49371,16,hive,7,1995-08-05,302,109,9684
49372,16,hive,7,1995-08-05,304,333,0
49373,16,hive,7,1995-08-05,404,35,0
49374,16,hive,7,1995-08-06,200,5502,153912449
49375,16,hive,7,1995-08-06,302,148,13131
49376,16,hive,7,1995-08-06,304,396,0
49377,16,hive,7,1995-08-06,404,71,0
49378,16,hive,7,1995-08-07,200,7064,143380652
49379,16,hive,7,1995-08-07,302,107,8488
49380,16,hive,7,1995-08-07,304,829,0
49381,16,hive,7,1995-08-07,404,41,0
49382,16,hive,7,1995-08-08,200,7134,167106239
49383,16,hive,7,1995-08-08,302,116,9555
49384,16,hive,7,1995-08-08,304,1136,0
49385,16,hive,7,1995-08-08,404,91,0
49386,16,hive,7,1995-08-09,200,6995,143880045
49387,16,hive,7,1995-08-09,302,122,10518
49388,16,hive,7,1995-08-09,304,1347,0
49389,16,hive,7,1995-08-09,404,48,0
49390,16,hive,7,1995-08-10,200,6824,153620512
49391,16,hive,7,1995-08-10,302,140,12296
49392,16,hive,7,1995-08-10,304,1166,0
49393,16,hive,7,1995-08-10,404,84,0
49394,16,hive,7,1995-08-11,200,7053,166269308
49395,16,hive,7,1995-08-11,302,120,10569
49396,16,hive,7,1995-08-11,304,1347,0
49397,16,hive,7,1995-08-11,404,26,0
49398,16,hive,7,1995-08-12,200,672,13445491
49399,16,hive,7,1995-08-12,302,5,378
49400,16,hive,7,1995-08-12,304,237,0
49401,16,hive,7,1995-08-14,200,5469,120401514
49402,16,hive,7,1995-08-14,302,129,11097
49403,16,hive,7,1995-08-14,304,1128,0
49404,16,hive,7,1995-08-14,404,20,0
49405,16,hive,7,1995-08-15,200,6321,121784260
49406,16,hive,7,1995-08-15,302,144,12369
49407,16,hive,7,1995-08-15,304,1035,0
49408,16,hive,7,1995-08-15,404,46,0
49409,16,hive,7,1995-08-16,200,6369,153862503
49410,16,hive,7,1995-08-16,302,120,10314
49411,16,hive,7,1995-08-16,304,931,0
49412,16,hive,7,1995-08-16,403,2,0
49413,16,hive,7,1995-08-16,404,40,0
49414,16,hive,7,1995-08-17,200,7294,188731937
49415,16,hive,7,1995-08-17,302,183,16814
49416,16,hive,7,1995-08-17,304,1555,0
49417,16,hive,7,1995-08-17,404,41,0
49418,16,hive,7,1995-08-18,200,6513,138980533
49419,16,hive,7,1995-08-18,302,134,11941
49420,16,hive,7,1995-08-18,304,1025,0
49421,16,hive,7,1995-08-18,404,43,0
49422,16,hive,7,1995-08-19,200,4591,112084886
49423,16,hive,7,1995-08-19,302,104,8904
49424,16,hive,7,1995-08-19,304,1575,0
49425,16,hive,7,1995-08-19,404,60,0
49426,16,hive,7,1995-08-20,200,4835,107799416
49427,16,hive,7,1995-08-20,302,99,8895
49428,16,hive,7,1995-08-20,304,1351,0
49429,16,hive,7,1995-08-20,404,62,0
49430,16,hive,7,1995-08-21,200,6426,137367178
49431,16,hive,7,1995-08-21,302,158,12330
49432,16,hive,7,1995-08-21,304,1104,0
49433,16,hive,7,1995-08-21,404,30,0
49434,16,hive,7,1995-08-22,200,6325,147627495
49435,16,hive,7,1995-08-22,302,148,12712
49436,16,hive,7,1995-08-22,304,989,0
49437,16,hive,7,1995-08-22,404,38,0
49438,16,hive,7,1995-08-23,200,5917,125859576
49439,16,hive,7,1995-08-23,302,112,9651
49440,16,hive,7,1995-08-23,304,1110,0
49441,16,hive,7,1995-08-23,404,41,0
49442,16,hive,7,1995-08-24,200,5681,106155871
49443,16,hive,7,1995-08-24,302,146,13284
49444,16,hive,7,1995-08-24,304,1384,0
49445,16,hive,7,1995-08-24,404,92,0
49446,16,hive,7,1995-08-25,200,6338,125906297
49447,16,hive,7,1995-08-25,302,110,9381
49448,16,hive,7,1995-08-25,304,1223,0
49449,16,hive,7,1995-08-25,404,81,0
49450,16,hive,7,1995-08-26,200,4228,104086922
49451,16,hive,7,1995-08-26,302,113,10887
49452,16,hive,7,1995-08-26,304,1169,0
49453,16,hive,7,1995-08-26,403,2,0
49454,16,hive,7,1995-08-26,404,73,0
49455,16,hive,7,1995-08-27,200,4894,110623111
49456,16,hive,7,1995-08-27,302,132,10830
49457,16,hive,7,1995-08-27,304,1383,0
49458,16,hive,7,1995-08-27,403,21,0
49459,16,hive,7,1995-08-27,404,63,0
49460,16,hive,7,1995-08-28,200,5832,119872209
49461,16,hive,7,1995-08-28,302,151,13266
49462,16,hive,7,1995-08-28,304,1234,0
49463,16,hive,7,1995-08-28,404,58,0
49464,16,hive,7,1995-08-29,200,7255,166939819
49465,16,hive,7,1995-08-29,302,209,17651
49466,16,hive,7,1995-08-29,304,1471,0
49467,16,hive,7,1995-08-29,404,63,0
49468,16,hive,7,1995-08-30,200,9209,189870302
49469,16,hive,7,1995-08-30,302,352,31558
49470,16,hive,7,1995-08-30,304,2388,0
49471,16,hive,7,1995-08-30,403,21,0
49472,16,hive,7,1995-08-30,404,54,0
49473,16,hive,7,1995-08-31,200,9249,188539680
49474,16,hive,7,1995-08-31,302,327,28298
49475,16,hive,7,1995-08-31,304,2194,0
49476,16,hive,7,1995-08-31,400,1,0
49477,16,hive,7,1995-08-31,404,77,0
